StudentID,Age,Gender,Grade_Math,Grade_English,Grade_Science,Grade_History,Attendance,Behavior_Score,Participation_Score,Punctuality_Score,Homework_Completion_Score
1,18,Male,88,86,61,98,77,5,2,1,5
2,20,Female,90,88,91,91,98,2,1,4,1
3,20,Male,98,70,62,77,99,4,0,4,3
4,17,Male,60,57,60,50,81,2,1,2,1
5,18,Male,88,77,65,84,90,1,2,5,3
6,18,Female,73,54,57,89,79,0,0,1,2
7,18,Female,95,66,89,57,92,5,3,0,4
8,20,Male,68,86,89,96,89,4,2,4,0
9,19,Male,53,85,94,56,86,5,0,0,4
10,18,Female,75,68,51,60,80,2,4,1,3
11,21,Female,87,76,79,88,71,3,1,4,0
12,20,Female,91,83,79,53,95,1,0,4,4
13,17,Male,81,60,61,74,95,0,1,5,0
14,19,Female,88,94,59,61,73,1,4,0,3
15,21,Male,94,96,93,75,70,3,0,5,2
16,21,Female,95,61,60,87,84,0,3,3,2
17,17,Male,85,70,64,95,82,3,2,0,4
18,19,Female,89,60,65,61,77,1,0,0,1
19,20,Female,86,88,66,92,94,2,4,3,3
20,16,Female,82,77,75,86,73,1,0,1,4
21,19,Female,85,54,51,95,79,1,1,1,4
22,17,Female,52,66,99,73,88,1,5,4,2
23,21,Male,58,69,61,65,87,4,0,2,0
24,20,Female,57,90,75,62,74,3,3,5,3
25,19,Female,82,95,72,74,99,3,0,2,0
26,16,Female,55,61,67,53,88,5,2,4,5
27,16,Male,90,55,81,60,95,3,0,2,5
28,18,Female,88,66,98,81,92,5,5,0,3
29,18,Male,53,68,87,98,96,4,1,0,1
30,17,Female,62,75,96,56,91,2,0,3,5
31,19,Female,98,97,52,95,85,5,3,3,2
32,19,Male,51,93,87,60,70,1,4,4,1
33,21,Female,54,93,52,77,81,2,0,4,4
34,21,Male,93,81,79,90,93,4,0,4,5
35,21,Male,76,55,50,72,71,3,2,0,2
36,18,Female,81,85,79,94,90,5,3,2,4
37,19,Male,70,87,94,72,94,1,5,5,1
38,19,Female,57,60,81,99,77,0,4,4,3
39,16,Female,87,82,77,77,87,0,1,4,4
40,18,Male,57,73,70,92,94,2,0,0,0
41,20,Male,99,72,95,96,85,3,5,5,3
42,18,Male,52,64,62,75,74,0,4,0,3
43,20,Male,93,76,76,74,95,2,1,5,1
44,16,Female,52,60,85,78,99,4,5,0,1
45,17,Female,71,99,56,68,91,2,3,2,2
46,19,Male,55,66,71,82,82,2,3,4,2
47,16,Female,51,63,59,85,88,2,4,1,0
48,19,Female,72,76,88,63,98,1,1,1,3
49,21,Female,93,67,64,63,72,2,3,4,0
50,17,Female,51,77,64,84,95,5,4,4,0
51,17,Male,87,96,53,79,77,2,3,4,1
52,16,Male,66,96,81,77,96,1,3,4,0
53,17,Female,84,53,72,66,95,1,5,5,0
54,20,Male,83,56,55,52,95,4,5,2,4
55,17,Male,72,94,73,65,81,3,3,1,2
56,19,Male,79,84,69,95,71,0,2,3,2
57,19,Female,57,97,86,79,80,0,5,1,3
58,19,Female,71,58,69,78,81,2,1,1,2
59,19,Female,93,57,61,94,97,4,4,0,5
60,20,Male,85,94,82,64,87,2,4,4,3
61,18,Female,54,66,77,95,82,0,1,4,4
62,21,Female,62,66,57,74,74,1,1,4,2
63,16,Male,78,98,50,87,91,3,1,0,4
64,19,Female,80,82,86,91,81,4,1,2,2
65,17,Female,96,81,71,96,71,1,0,2,2
66,19,Male,65,57,55,87,74,3,4,3,4
67,17,Male,91,68,70,72,76,4,0,2,0
68,21,Male,79,87,81,74,95,4,3,2,0
69,21,Female,65,52,84,91,95,0,3,4,0
70,21,Female,61,54,64,56,93,1,4,5,5
71,17,Female,66,62,54,71,81,4,3,1,0
72,19,Male,65,96,95,66,85,5,1,2,2
73,21,Male,61,95,99,67,92,4,0,2,1
74,20,Female,57,80,97,98,77,3,1,0,4
75,17,Female,69,65,55,90,99,0,3,3,1
76,17,Male,52,99,74,59,97,2,5,5,5
77,19,Male,65,81,95,59,78,0,0,0,1
78,17,Male,79,71,89,56,84,2,1,4,3
79,17,Male,94,78,78,97,74,1,4,1,0
80,21,Female,72,71,56,99,82,1,1,3,5
81,19,Male,77,92,89,87,74,4,5,0,2
82,21,Female,89,52,62,76,80,5,3,2,0
83,21,Female,54,59,87,82,79,1,0,2,0
84,19,Female,69,91,67,50,89,4,4,3,1
85,16,Male,89,70,51,93,82,0,0,2,3
86,21,Male,93,65,57,83,78,1,4,0,0
87,20,Male,50,61,60,53,90,0,0,0,4
88,20,Male,79,51,82,66,83,0,3,2,4
89,17,Female,70,90,87,53,87,5,4,2,0
90,20,Male,69,73,97,92,84,1,2,4,1
91,17,Male,55,84,76,75,79,0,0,1,1
92,16,Female,71,79,69,53,93,5,0,3,2
93,19,Male,67,79,61,50,76,5,1,0,5
94,19,Female,57,96,92,56,77,1,4,3,5
95,19,Female,88,84,80,79,97,5,5,4,5
96,20,Female,81,68,76,99,72,1,2,0,3
97,16,Female,82,99,81,58,84,1,3,4,1
98,20,Female,65,57,59,84,85,2,1,4,2
99,20,Female,61,75,52,57,73,0,2,5,4
100,16,Female,87,98,94,73,90,3,4,2,5
101,16,Female,83,89,76,68,75,1,2,5,4
102,16,Male,63,56,84,85,70,0,0,3,4
103,16,Male,85,79,80,99,73,5,0,3,0
104,19,Male,82,56,64,92,80,4,1,2,3
105,18,Male,72,52,65,76,81,1,4,5,2
106,18,Female,99,50,62,81,95,5,4,3,3
107,16,Male,94,85,98,63,98,5,2,5,0
108,18,Female,51,74,84,67,74,5,1,2,2
109,18,Male,90,86,60,77,92,5,4,0,2
110,16,Male,70,50,70,78,98,5,5,4,1
111,18,Male,51,64,60,65,90,1,5,4,3
112,20,Female,76,86,79,84,85,3,0,5,3
113,17,Male,58,62,97,96,82,2,2,3,1
114,17,Female,50,89,84,80,82,5,3,5,4
115,16,Female,60,57,71,53,86,5,0,5,0
116,19,Male,52,54,87,86,96,2,1,1,3
117,16,Male,72,58,80,66,76,1,4,4,1
118,19,Male,75,50,63,88,77,0,0,2,2
119,17,Female,53,85,73,97,82,4,3,5,5
120,16,Male,67,84,99,95,92,4,3,1,1
121,21,Female,55,51,98,75,96,0,5,1,5
122,20,Female,84,89,81,97,85,1,1,4,4
123,18,Male,71,72,85,88,99,4,0,4,0
124,19,Male,92,58,81,90,98,2,2,4,5
125,21,Female,64,83,64,53,73,0,0,2,4
126,18,Female,71,95,92,79,77,3,5,1,5
127,18,Female,86,63,84,79,85,1,3,3,2
128,16,Male,91,53,52,71,90,0,1,2,2
129,18,Female,61,79,65,60,79,4,1,0,2
130,20,Male,96,80,54,51,94,1,2,5,2
131,21,Female,98,87,70,93,81,2,1,4,1
132,18,Female,91,60,59,61,81,1,5,1,2
133,16,Male,87,84,68,79,95,1,5,5,2
134,20,Female,67,57,74,85,74,2,5,2,1
135,17,Male,94,52,53,67,85,5,1,0,2
136,21,Male,84,63,78,75,70,2,1,2,4
137,18,Female,79,62,68,56,97,1,5,2,4
138,16,Male,73,94,92,50,78,2,1,3,3
139,17,Male,91,81,51,75,81,5,1,5,4
140,17,Female,79,83,59,72,74,0,3,3,0
141,19,Male,63,94,92,75,91,2,0,2,0
142,20,Male,55,68,74,94,89,2,4,0,0
143,18,Male,52,87,69,55,91,1,1,1,1
144,16,Female,65,65,97,55,97,0,4,1,4
145,19,Male,56,51,68,93,93,3,4,5,0
146,20,Female,63,89,72,57,72,3,3,4,3
147,19,Female,58,66,73,73,74,4,1,4,1
148,21,Male,64,83,60,71,71,2,5,1,3
149,20,Male,70,91,95,68,83,2,4,2,4
150,20,Male,84,65,83,86,71,0,1,2,2
151,18,Female,51,87,77,67,82,5,2,3,3
152,20,Male,76,51,54,80,76,3,5,5,2
153,19,Male,51,51,54,86,79,4,2,3,1
154,20,Male,84,75,70,79,82,0,2,4,3
155,18,Male,67,62,61,91,85,2,4,1,3
156,18,Male,63,96,99,82,95,3,2,2,5
157,21,Female,69,80,53,59,83,4,3,1,1
158,19,Female,67,83,98,86,80,1,3,0,1
159,17,Male,59,88,91,61,79,3,4,1,0
160,17,Male,74,52,69,79,75,4,1,0,4
161,20,Male,51,57,87,76,73,0,0,3,3
162,21,Male,74,72,74,88,90,1,1,3,3
163,16,Female,82,63,63,58,70,4,1,4,1
164,20,Male,85,76,60,70,76,4,1,1,1
165,21,Female,80,78,81,61,93,2,1,1,4
166,19,Female,63,88,60,78,78,5,5,0,1
167,19,Male,50,88,67,82,77,3,0,3,2
168,19,Female,95,50,76,92,74,2,5,0,2
169,19,Female,65,66,67,64,88,1,2,3,5
170,19,Female,95,90,72,51,79,5,1,0,2
171,21,Female,52,79,60,88,80,4,3,3,2
172,21,Male,84,62,70,93,94,2,4,0,4
173,18,Male,90,70,93,67,84,5,4,3,3
174,17,Female,55,68,54,52,75,3,5,5,2
175,19,Male,74,68,72,56,84,1,5,0,5
176,16,Male,62,74,90,92,74,0,3,1,1
177,21,Male,83,71,74,67,98,2,1,4,2
178,16,Male,57,80,90,93,88,1,0,5,5
179,16,Male,70,66,59,87,91,0,2,5,4
180,16,Female,83,72,71,86,88,2,4,0,1
181,18,Male,53,81,68,82,79,1,2,4,5
182,21,Male,74,59,50,93,81,1,0,1,2
183,16,Male,64,59,56,80,91,5,5,5,3
184,19,Male,53,85,53,60,73,2,4,1,1
185,20,Female,94,57,50,53,87,1,2,3,1
186,16,Female,61,69,64,67,85,4,5,4,3
187,18,Female,81,81,89,53,77,2,0,2,1
188,21,Female,81,99,61,98,73,1,2,3,2
189,18,Male,77,63,71,83,94,5,1,4,1
190,16,Female,62,99,71,78,92,0,5,0,2
191,21,Male,80,77,99,73,81,0,0,0,3
192,20,Male,63,95,96,71,71,4,2,1,0
193,16,Male,69,73,66,51,73,2,1,5,3
194,18,Male,67,64,78,93,74,5,1,2,2
195,17,Male,78,71,95,55,72,1,0,0,4
196,19,Female,55,79,63,91,78,1,3,4,3
197,18,Female,81,53,99,74,98,0,4,5,4
198,21,Female,78,62,69,70,90,5,0,5,4
199,16,Female,92,72,99,65,87,4,1,4,2
200,19,Male,51,57,97,80,80,0,1,5,2
201,16,Female,72,67,82,63,72,0,0,0,0
202,21,Male,68,61,92,88,99,4,3,4,5
203,16,Female,80,80,64,77,94,2,4,4,1
204,17,Male,54,63,61,81,92,1,2,1,3
205,19,Male,68,83,89,77,71,2,0,2,2
206,19,Female,83,67,69,98,78,5,4,1,3
207,21,Male,59,83,79,58,83,3,4,2,5
208,17,Male,74,60,87,94,73,3,5,4,5
209,18,Female,51,90,52,71,98,3,1,5,4
210,16,Male,60,61,77,81,78,4,2,2,1
211,20,Female,99,98,75,54,82,0,0,4,0
212,16,Female,80,64,79,72,87,2,1,4,3
213,16,Female,64,80,62,54,84,1,5,1,1
214,18,Male,58,98,62,91,97,3,5,1,0
215,16,Male,72,78,51,81,79,2,1,5,3
216,17,Male,68,75,86,59,85,3,3,3,1
217,17,Female,58,67,98,88,81,3,4,0,2
218,19,Male,84,81,87,64,89,1,0,3,3
219,21,Female,70,71,51,56,74,5,0,3,1
220,20,Female,58,87,85,78,71,5,0,5,5
221,16,Male,77,66,75,96,79,5,1,2,0
222,16,Female,95,72,60,52,70,4,3,5,1
223,18,Male,56,73,57,68,76,0,2,5,2
224,21,Male,65,99,93,59,95,4,5,4,3
225,17,Male,65,57,89,77,86,2,1,4,3
226,20,Male,82,90,92,78,85,4,2,4,3
227,19,Male,53,55,71,64,96,2,5,0,2
228,17,Female,53,54,69,84,96,2,5,2,0
229,21,Female,88,93,57,55,93,0,3,2,3
230,19,Female,89,78,78,61,72,1,4,4,0
231,18,Male,66,77,89,96,83,0,0,3,1
232,18,Male,86,60,75,87,79,5,2,0,5
233,16,Male,88,50,79,62,91,5,1,3,5
234,21,Female,78,92,66,78,76,4,2,1,0
235,20,Male,85,68,69,68,95,2,4,2,0
236,19,Female,87,58,65,52,86,3,0,2,5
237,17,Female,88,76,95,57,99,3,2,3,3
238,21,Male,99,83,92,57,75,2,4,0,4
239,21,Male,86,93,56,69,92,0,1,2,4
240,18,Female,84,53,65,96,91,1,3,3,2
241,16,Male,56,85,94,53,73,0,5,5,5
242,16,Female,76,67,96,70,86,2,1,5,5
243,19,Male,77,64,97,52,96,2,0,0,2
244,18,Male,71,62,76,94,78,1,5,3,4
245,21,Female,63,68,72,57,73,4,1,5,1
246,20,Male,56,98,73,72,76,4,1,0,3
247,18,Female,86,55,58,65,92,1,1,4,3
248,19,Male,71,97,84,62,71,4,1,0,1
249,19,Female,54,61,69,52,86,3,5,1,1
250,18,Female,51,86,86,97,93,4,0,4,4
251,19,Male,76,66,91,58,77,4,4,3,2
252,18,Female,70,72,66,63,92,4,2,4,1
253,17,Male,87,75,96,62,99,3,3,4,2
254,18,Male,64,78,80,56,84,4,2,3,0
255,18,Male,70,82,57,64,84,5,2,3,3
256,19,Female,59,76,64,56,77,3,3,5,4
257,19,Female,72,74,80,87,85,1,5,1,3
258,16,Male,88,59,79,83,88,0,0,3,4
259,16,Male,54,96,95,90,80,1,3,2,0
260,17,Female,50,72,69,71,71,0,0,2,3
261,16,Male,62,70,88,73,92,1,5,1,0
262,18,Male,70,70,61,98,93,5,2,0,4
263,19,Female,75,92,98,86,86,0,0,0,1
264,16,Male,99,62,66,93,97,0,5,2,3
265,16,Female,94,86,91,50,95,2,5,3,0
266,17,Male,70,82,79,59,85,0,4,1,5
267,21,Female,67,73,78,92,94,0,3,0,3
268,17,Male,86,93,68,65,84,2,4,0,3
269,18,Male,94,60,95,95,82,4,2,4,3
270,19,Female,81,66,60,57,84,4,3,2,2
271,17,Male,85,53,83,98,96,2,2,3,0
272,16,Female,66,96,99,74,73,3,4,1,0
273,19,Male,84,74,56,99,85,0,5,0,3
274,19,Female,98,79,93,61,99,0,2,4,1
275,16,Female,60,58,83,74,81,2,3,2,3
276,17,Female,70,70,69,66,99,2,3,2,2
277,16,Female,75,69,99,75,73,3,2,1,4
278,21,Male,53,68,87,95,72,5,3,0,2
279,19,Male,83,68,73,97,91,4,5,1,1
280,20,Female,97,61,59,63,86,1,5,1,3
281,20,Female,67,86,81,90,91,5,3,5,0
282,18,Female,89,91,64,85,87,4,2,4,5
283,16,Male,84,66,86,72,94,0,4,2,3
284,16,Male,90,86,69,92,87,5,3,5,1
285,18,Male,78,97,52,55,92,2,3,3,0
286,18,Male,78,88,86,96,97,3,3,2,2
287,18,Female,87,77,89,54,86,4,3,2,4
288,19,Female,91,90,57,92,81,3,2,4,4
289,21,Female,70,84,89,74,92,4,4,3,3
290,16,Male,91,96,93,67,90,5,4,0,2
291,19,Male,62,97,72,62,93,0,0,3,5
292,18,Male,98,67,89,92,73,1,3,0,5
293,16,Female,90,63,60,63,81,3,3,3,1
294,19,Female,66,84,95,77,95,3,0,1,4
295,21,Male,58,93,57,67,92,1,4,3,2
296,19,Female,90,90,78,77,91,3,1,5,3
297,21,Male,50,56,79,76,90,3,5,5,0
298,18,Male,51,90,59,81,89,4,1,4,3
299,21,Female,97,62,88,96,84,4,4,0,3
300,16,Male,78,67,77,58,92,1,3,2,2
301,18,Female,82,86,98,89,97,0,1,4,4
302,16,Male,59,62,85,81,85,5,2,5,2
303,20,Female,99,85,62,69,74,5,2,5,0
304,17,Female,89,80,81,77,90,3,0,0,2
305,21,Female,70,51,85,82,84,0,4,5,1
306,17,Male,77,65,86,53,86,1,4,5,3
307,17,Male,60,58,75,95,87,1,1,0,4
308,21,Female,83,58,71,83,74,4,3,5,5
309,18,Female,57,87,53,97,82,3,4,2,0
310,20,Male,71,60,80,52,88,2,1,1,5
311,16,Male,57,71,67,75,99,1,1,4,3
312,19,Male,98,82,87,57,82,3,5,2,2
313,16,Female,64,85,73,55,87,0,5,2,5
314,19,Male,66,94,72,65,83,4,4,1,1
315,16,Male,72,72,71,73,99,5,1,4,2
316,21,Female,73,94,51,97,73,0,0,2,3
317,20,Male,94,94,80,88,73,1,0,5,5
318,19,Male,68,83,60,79,89,1,5,1,0
319,18,Male,54,58,77,94,89,0,4,4,5
320,16,Female,81,73,95,62,88,1,3,3,5
321,16,Female,93,57,81,54,82,3,0,0,4
322,19,Female,50,56,54,74,81,1,0,5,5
323,18,Female,72,85,87,69,76,4,5,1,3
324,18,Female,86,67,59,67,94,3,5,0,0
325,21,Female,57,52,89,96,81,2,4,3,3
326,21,Female,62,77,95,67,90,1,5,2,1
327,21,Male,57,55,73,51,73,1,2,2,2
328,21,Male,72,93,84,59,96,4,1,4,5
329,21,Female,92,93,93,94,71,4,0,1,4
330,21,Male,50,70,97,99,71,5,2,1,0
331,20,Male,94,77,72,96,74,0,3,4,4
332,18,Female,73,89,66,61,92,0,2,0,4
333,21,Male,84,50,50,96,79,0,4,2,4
334,18,Male,73,85,80,62,79,4,3,2,5
335,18,Male,66,70,80,99,78,0,3,1,0
336,17,Male,54,92,91,96,82,0,5,1,0
337,20,Male,69,84,91,60,76,2,2,4,4
338,21,Female,70,62,83,68,74,0,4,3,2
339,16,Female,89,98,58,84,95,1,0,0,5
340,19,Female,80,59,71,88,79,5,5,5,5
341,16,Male,95,93,62,75,79,4,2,3,3
342,20,Female,85,96,74,95,75,3,0,3,5
343,19,Male,60,59,97,63,96,5,2,1,4
344,20,Male,64,95,67,94,97,2,5,1,1
345,18,Male,68,62,61,93,88,4,0,1,4
346,19,Male,56,86,89,73,90,4,5,3,0
347,18,Female,77,87,66,90,77,1,2,0,5
348,16,Female,92,73,64,50,70,5,3,1,5
349,16,Male,54,51,91,92,97,5,1,2,3
350,19,Female,54,71,64,71,86,0,3,0,1
351,19,Male,79,66,64,72,76,1,5,2,5
352,21,Female,81,85,88,68,83,0,5,0,3
353,20,Female,57,63,62,67,90,0,5,1,3
354,21,Male,59,59,66,61,99,4,0,5,1
355,20,Female,87,84,81,77,90,5,4,4,4
356,21,Male,96,74,58,77,86,0,5,1,4
357,18,Female,81,52,89,82,78,2,3,3,4
358,19,Male,97,96,69,68,86,2,1,5,2
359,16,Male,77,87,75,77,74,5,5,3,4
360,20,Female,66,66,76,98,95,2,5,0,1
361,20,Female,80,61,70,86,94,4,5,3,2
362,16,Male,57,73,67,75,99,1,0,5,4
363,21,Female,89,78,62,84,89,3,5,5,2
364,20,Female,74,92,65,83,98,0,3,1,1
365,18,Male,58,74,58,84,77,3,2,2,4
366,19,Male,51,85,61,89,75,1,4,1,0
367,16,Female,64,75,93,65,80,1,5,0,5
368,19,Male,99,87,87,87,88,4,0,3,1
369,20,Male,52,50,68,62,73,2,3,2,3
370,20,Male,98,69,56,72,87,2,5,4,3
371,16,Female,85,77,84,71,70,1,0,5,1
372,18,Female,53,65,97,65,82,4,2,2,3
373,17,Male,63,96,67,77,83,4,1,2,1
374,16,Female,90,66,65,97,93,5,5,1,0
375,17,Male,90,89,88,84,70,0,3,4,1
376,21,Female,74,77,53,94,99,2,0,5,4
377,17,Male,99,61,74,95,98,1,0,0,4
378,18,Male,59,76,81,57,80,5,5,0,2
379,21,Female,70,91,89,93,86,3,0,2,3
380,17,Male,85,96,62,71,73,2,1,2,5
381,21,Female,61,79,94,70,95,0,0,3,3
382,17,Female,76,90,66,75,81,4,4,4,1
383,18,Male,89,83,98,89,79,1,4,5,5
384,17,Male,51,86,86,70,75,2,0,2,5
385,17,Female,62,55,55,74,94,3,5,3,3
386,17,Male,81,56,68,90,70,0,4,4,5
387,16,Male,80,81,62,50,76,0,3,5,5
388,16,Male,65,81,75,55,95,5,4,0,4
389,16,Male,81,74,63,72,96,2,0,3,0
390,18,Male,81,82,80,72,90,3,5,4,1
391,21,Female,83,56,53,92,97,0,2,3,3
392,20,Female,60,61,88,92,85,1,5,2,4
393,17,Male,59,65,57,72,93,0,5,1,2
394,17,Male,64,65,74,81,83,3,5,0,5
395,18,Male,66,92,62,79,92,4,3,2,5
396,17,Female,89,85,81,62,89,4,1,2,3
397,16,Male,67,62,87,92,89,5,0,4,0
398,20,Female,58,56,87,67,75,2,1,3,0
399,19,Female,74,85,77,72,91,3,2,0,3
400,17,Female,89,96,79,64,94,5,1,2,3
401,16,Male,63,58,52,82,97,0,0,4,4
402,19,Female,74,81,77,70,74,0,0,0,3
403,20,Male,99,60,52,88,93,4,2,3,2
404,19,Female,71,57,94,72,90,5,0,2,4
405,16,Male,79,82,83,76,87,4,2,5,5
406,21,Female,69,72,65,94,84,1,2,2,5
407,21,Male,70,74,71,93,75,4,0,2,5
408,19,Female,93,57,81,67,94,1,4,0,5
409,18,Male,81,94,87,73,98,0,2,0,1
410,19,Male,95,71,57,96,88,5,0,0,2
411,17,Male,98,53,57,89,70,1,4,0,4
412,17,Male,70,89,55,91,70,5,2,4,4
413,21,Female,84,52,63,56,82,5,4,1,5
414,18,Female,81,78,81,99,72,1,3,4,0
415,16,Male,79,90,84,97,79,2,5,2,4
416,17,Female,88,78,59,69,90,4,3,4,2
417,21,Male,98,83,52,76,72,1,4,3,3
418,20,Male,61,83,61,55,78,0,2,5,2
419,21,Female,90,77,98,76,77,5,0,0,5
420,17,Male,96,62,80,58,72,3,1,3,5
421,17,Male,67,64,78,94,94,1,0,5,1
422,21,Female,70,72,54,80,82,4,1,3,4
423,16,Male,62,93,74,70,75,5,1,2,4
424,19,Male,70,75,90,75,82,2,2,0,4
425,17,Male,57,53,80,89,92,0,4,3,5
426,21,Male,95,75,70,97,89,2,0,2,4
427,21,Female,89,89,69,94,89,3,4,0,0
428,18,Female,95,58,88,62,81,1,3,1,0
429,19,Female,56,54,71,98,82,5,2,2,3
430,20,Male,72,81,53,72,71,1,2,4,4
431,16,Male,93,69,62,69,90,4,3,0,1
432,20,Female,81,99,94,86,93,1,0,3,3
433,19,Male,60,60,91,77,92,0,5,5,5
434,19,Male,71,64,99,66,85,3,3,3,4
435,19,Male,71,81,98,77,92,2,0,4,0
436,20,Male,92,77,69,90,75,3,1,4,1
437,19,Female,74,71,62,51,88,5,2,3,3
438,21,Female,71,90,66,74,90,1,0,5,1
439,20,Female,77,66,85,99,82,5,4,0,4
440,19,Male,78,75,82,90,86,2,4,2,2
441,21,Female,62,93,50,55,92,5,2,4,1
442,18,Female,67,56,64,60,78,4,3,4,1
443,19,Male,51,91,62,87,86,3,5,4,5
444,20,Male,78,75,66,55,98,2,3,5,0
445,17,Female,70,74,73,94,71,2,0,1,4
446,19,Female,64,59,57,60,88,2,3,5,1
447,17,Female,76,94,99,63,88,0,2,0,4
448,21,Female,99,68,76,51,93,3,0,0,0
449,18,Male,80,60,94,89,76,5,1,0,5
450,16,Female,64,62,72,52,91,2,3,0,4
451,18,Female,72,57,95,84,79,3,3,0,0
452,19,Male,73,89,57,82,79,2,5,3,0
453,17,Female,93,53,57,73,96,4,0,4,3
454,17,Male,62,96,75,68,89,4,4,5,5
455,20,Male,71,80,96,67,78,4,3,3,5
456,17,Male,92,77,62,98,86,1,2,5,4
457,20,Female,86,60,88,73,96,2,3,1,2
458,21,Female,82,92,86,94,84,1,5,2,3
459,16,Male,52,50,98,84,71,3,1,4,5
460,19,Female,68,98,77,50,99,1,5,1,0
461,20,Female,72,96,74,85,73,3,3,3,5
462,16,Male,78,87,65,74,88,3,4,2,2
463,17,Male,79,73,51,94,86,3,3,1,1
464,17,Female,88,96,67,98,74,5,0,5,1
465,16,Male,93,80,66,92,76,1,3,2,5
466,17,Female,96,90,79,83,87,5,4,5,5
467,21,Female,74,95,88,74,90,2,0,1,3
468,21,Female,86,99,62,65,91,1,2,3,5
469,16,Female,96,75,81,83,96,2,0,5,2
470,20,Male,57,98,99,78,76,2,5,2,5
471,20,Male,91,99,78,68,86,3,1,1,4
472,16,Male,65,54,95,72,76,1,5,5,2
473,20,Male,57,69,79,68,73,2,0,3,3
474,20,Female,50,90,67,74,77,4,2,4,4
475,21,Female,93,60,62,65,82,2,3,3,4
476,20,Male,54,82,92,58,73,4,0,3,1
477,18,Female,52,99,70,50,75,1,5,4,2
478,19,Female,50,87,79,91,94,5,0,3,4
479,17,Female,53,76,70,68,74,1,0,4,3
480,18,Male,89,83,97,82,99,5,0,4,1
481,20,Male,84,64,66,83,81,5,2,5,4
482,21,Male,81,81,89,65,73,1,4,5,2
483,16,Female,91,70,68,93,93,2,4,4,1
484,20,Male,83,95,64,89,98,0,0,1,2
485,21,Male,92,54,58,67,78,2,2,2,2
486,19,Male,74,55,59,83,73,2,2,1,2
487,20,Male,59,87,93,74,88,3,0,4,1
488,16,Male,70,71,80,94,93,3,5,2,4
489,21,Male,95,67,72,55,83,2,5,5,5
490,21,Female,88,63,79,70,74,4,1,2,0
491,21,Female,76,59,82,55,87,5,0,4,4
492,19,Male,76,95,58,81,79,3,1,5,1
493,20,Male,51,62,96,90,94,2,5,2,0
494,19,Female,90,80,50,97,88,0,5,2,0
495,17,Female,97,79,93,92,81,4,0,1,0
496,17,Male,62,52,84,88,87,1,1,2,5
497,20,Male,58,79,60,80,86,2,1,4,3
498,19,Male,85,55,83,91,99,2,0,0,1
499,16,Male,71,78,65,59,93,5,1,0,5
500,21,Female,91,57,58,79,80,4,3,0,5
501,21,Male,75,93,81,67,72,3,5,4,3
502,20,Male,61,94,64,73,92,3,4,0,0
503,17,Male,66,92,61,58,86,3,2,1,3
504,17,Male,63,93,82,80,70,1,1,4,3
505,21,Female,63,82,94,64,84,4,1,5,5
506,20,Female,83,66,63,53,97,4,2,4,1
507,19,Female,69,97,57,89,78,3,1,4,2
508,17,Male,60,60,57,58,84,3,2,2,3
509,19,Male,65,62,76,94,97,5,0,2,3
510,17,Female,80,99,61,58,93,0,3,2,0
511,17,Male,55,60,50,75,97,0,3,3,0
512,18,Male,68,80,92,53,98,2,5,1,5
513,17,Female,86,77,89,66,72,2,4,4,0
514,16,Female,53,93,91,65,91,4,1,4,4
515,20,Female,96,55,60,64,96,4,4,2,3
516,20,Female,53,90,88,84,88,1,0,4,0
517,19,Male,69,65,92,54,82,1,3,5,1
518,17,Male,59,53,80,54,81,0,0,4,4
519,16,Female,73,84,66,69,89,2,0,0,5
520,19,Male,84,97,82,64,70,0,1,5,2
521,18,Female,75,75,81,67,90,0,0,5,3
522,19,Female,86,61,78,96,86,2,3,4,3
523,19,Male,87,60,70,51,82,1,4,3,1
524,17,Female,70,86,70,78,70,5,3,2,2
525,18,Male,89,74,89,62,79,5,1,1,2
526,19,Male,88,67,72,53,84,5,3,1,5
527,16,Male,70,68,55,91,96,2,2,0,5
528,16,Male,59,72,71,94,96,3,4,1,4
529,20,Female,87,87,99,59,99,3,2,1,3
530,18,Male,95,67,87,80,76,3,2,2,0
531,18,Female,53,75,86,90,97,4,5,2,5
532,20,Female,94,55,94,57,91,1,1,3,1
533,19,Female,69,53,57,52,87,1,0,0,1
534,18,Female,66,93,90,97,85,4,2,1,1
535,16,Male,56,78,98,95,83,0,3,3,5
536,16,Male,53,83,84,58,96,5,0,0,5
537,17,Female,78,66,60,79,97,3,3,5,1
538,18,Female,63,92,73,60,87,5,3,1,5
539,19,Male,52,92,98,84,96,3,0,1,0
540,20,Female,73,65,70,86,76,5,0,2,0
541,20,Male,86,51,51,91,86,0,3,4,4
542,19,Female,65,83,89,62,98,5,1,0,3
543,21,Male,53,57,68,85,87,5,4,1,0
544,17,Female,73,62,88,62,81,2,5,0,4
545,20,Female,83,91,77,61,77,5,4,3,2
546,18,Male,79,57,66,86,91,2,1,3,3
547,17,Female,67,79,55,59,99,1,5,4,0
548,18,Female,68,81,68,58,71,4,0,1,2
549,16,Male,80,85,87,56,76,5,5,2,4
550,17,Female,68,96,77,51,73,1,3,1,0
551,20,Male,98,79,51,72,87,2,4,0,0
552,17,Male,95,50,87,88,97,5,5,5,5
553,17,Female,68,92,86,89,75,5,3,3,2
554,17,Female,71,88,53,88,96,0,1,0,0
555,21,Female,73,66,71,70,78,1,5,4,1
556,17,Female,94,69,75,72,96,3,3,3,5
557,18,Female,61,73,98,78,78,3,1,2,5
558,16,Female,79,99,92,63,83,0,0,3,0
559,19,Female,87,71,85,75,77,2,1,5,5
560,17,Male,80,78,62,54,88,3,1,1,3
561,20,Female,85,71,81,80,72,3,4,5,2
562,17,Male,68,93,66,74,87,4,3,5,3
563,20,Female,97,58,90,80,74,1,5,1,4
564,18,Female,94,86,85,99,83,2,4,3,3
565,20,Male,85,59,95,69,97,5,2,4,1
566,19,Female,79,85,68,93,99,1,1,1,5
567,16,Female,98,86,84,66,73,2,2,1,5
568,20,Male,82,77,95,94,76,3,4,2,1
569,20,Female,67,77,89,51,89,4,3,3,5
570,16,Female,98,91,77,74,94,1,4,1,3
571,19,Female,77,92,50,62,97,3,3,4,4
572,17,Male,96,70,91,88,81,2,3,0,0
573,20,Female,60,73,67,77,71,1,0,3,1
574,16,Female,94,91,97,91,80,5,1,2,3
575,18,Female,82,89,89,55,83,1,4,5,3
576,16,Female,66,51,82,52,91,3,3,1,3
577,18,Male,55,57,61,84,92,1,4,4,0
578,19,Male,53,97,57,67,85,5,4,3,2
579,17,Female,69,76,73,60,89,4,3,4,5
580,16,Female,97,71,65,69,98,4,5,4,5
581,21,Male,96,86,99,54,75,3,2,5,4
582,20,Male,76,76,53,68,92,2,1,2,2
583,19,Female,64,78,87,71,73,3,1,3,5
584,16,Male,55,52,93,68,84,4,5,1,4
585,20,Female,96,93,76,96,93,0,0,2,4
586,16,Male,63,62,58,65,94,0,5,1,3
587,18,Male,60,94,96,73,70,1,0,0,1
588,16,Male,88,59,65,90,76,5,0,4,3
589,21,Male,58,85,61,53,94,1,5,0,0
590,16,Female,75,58,80,64,81,0,1,4,5
591,16,Male,65,76,73,74,79,4,2,5,4
592,21,Male,54,83,63,93,74,1,1,2,1
593,19,Female,59,50,94,84,81,3,1,1,5
594,16,Male,99,81,74,63,87,5,1,5,4
595,21,Male,52,74,83,98,79,3,5,1,4
596,20,Female,62,78,52,68,75,5,5,2,3
597,18,Male,92,56,73,87,97,4,5,3,1
598,18,Female,98,98,91,85,81,1,1,0,1
599,16,Female,79,52,58,56,76,5,2,0,5
600,19,Female,94,69,75,79,87,3,0,1,4
601,19,Female,55,69,69,68,71,1,4,1,1
602,20,Male,66,79,89,98,79,1,0,1,1
603,16,Female,94,84,59,74,84,3,0,2,5
604,18,Male,68,84,68,65,99,0,4,3,3
605,19,Male,91,98,52,96,81,5,1,0,2
606,16,Male,84,88,73,89,95,3,2,5,0
607,19,Male,95,76,54,57,86,4,2,4,2
608,21,Male,75,75,52,67,73,2,0,2,1
609,19,Male,54,63,76,77,76,3,4,0,4
610,18,Male,78,66,65,65,99,1,3,3,0
611,17,Male,86,67,98,68,78,1,1,2,0
612,20,Male,69,94,64,91,88,3,0,5,4
613,20,Male,98,78,84,66,97,2,2,0,0
614,18,Female,70,69,61,94,96,3,5,2,4
615,19,Female,59,76,90,62,92,2,5,0,0
616,16,Female,54,67,93,56,76,2,4,0,5
617,19,Male,85,53,75,76,92,4,4,3,5
618,18,Female,55,50,96,59,71,5,0,4,2
619,20,Female,75,99,83,83,75,1,3,3,0
620,19,Female,53,50,72,85,87,1,2,0,3
621,20,Male,88,75,80,74,75,2,0,2,4
622,16,Male,88,94,99,55,82,1,3,5,0
623,20,Male,99,69,69,73,95,0,4,3,5
624,20,Male,84,72,61,67,88,2,5,4,5
625,17,Female,50,59,72,72,99,1,1,0,4
626,17,Female,73,60,53,55,71,0,5,5,3
627,21,Female,85,90,72,78,81,4,2,3,0
628,17,Female,55,90,97,74,84,1,2,3,0
629,20,Male,90,54,97,66,83,0,5,3,3
630,18,Male,95,50,50,95,75,3,5,3,3
631,20,Male,93,66,74,73,87,5,3,5,3
632,18,Female,80,71,51,60,74,3,0,2,5
633,18,Male,69,83,79,75,87,0,4,4,4
634,17,Male,73,94,52,83,72,2,3,4,3
635,19,Female,74,90,70,77,72,2,1,0,4
636,16,Female,85,78,74,52,91,1,5,1,2
637,17,Male,70,53,69,60,91,3,1,2,0
638,17,Male,79,54,98,87,79,2,1,0,0
639,19,Male,73,60,71,63,88,2,3,0,1
640,16,Male,93,70,70,75,72,3,4,3,2
641,20,Male,91,84,82,97,98,4,2,1,3
642,21,Male,79,61,87,70,81,2,0,1,3
643,21,Female,71,75,64,88,98,5,2,2,5
644,20,Female,77,68,95,79,85,0,4,1,2
645,17,Female,56,94,64,57,86,1,2,0,3
646,16,Male,84,56,95,69,76,2,5,1,1
647,17,Female,77,96,74,97,82,5,5,1,4
648,18,Male,63,56,70,81,93,5,3,4,0
649,17,Male,59,75,73,71,71,2,1,0,2
650,17,Female,65,89,54,56,73,4,4,5,0
651,20,Male,65,54,55,58,79,0,4,1,4
652,20,Male,80,70,98,94,76,1,2,1,2
653,20,Female,91,63,92,50,93,2,3,3,4
654,21,Female,74,53,97,78,86,1,2,1,3
655,18,Female,62,72,93,57,89,3,2,1,3
656,20,Male,55,91,96,53,75,5,4,4,3
657,16,Female,93,69,72,84,88,5,2,0,4
658,21,Female,58,64,53,52,74,2,1,2,4
659,19,Male,94,99,76,94,79,2,2,0,4
660,16,Female,85,94,67,89,78,3,1,3,0
661,16,Female,92,78,70,56,96,4,4,0,4
662,20,Female,69,57,77,76,82,2,3,1,3
663,19,Male,67,90,84,50,88,5,5,3,1
664,19,Male,92,97,71,76,90,1,1,0,4
665,21,Male,70,68,89,65,93,0,3,3,1
666,19,Male,53,97,72,87,75,1,3,2,3
667,18,Female,99,88,52,56,73,4,1,0,4
668,20,Male,82,95,89,93,93,0,4,5,0
669,19,Male,76,77,99,72,96,1,0,1,0
670,21,Female,56,95,59,90,72,1,3,3,1
671,18,Female,55,76,74,60,72,3,3,5,5
672,17,Female,64,53,98,91,73,4,4,5,0
673,17,Male,67,64,57,82,94,5,4,4,0
674,18,Male,81,84,60,99,74,3,2,3,0
675,21,Male,60,86,54,85,77,0,4,5,3
676,18,Female,69,50,94,86,85,5,3,4,0
677,20,Female,73,52,86,90,91,3,1,5,2
678,20,Male,64,96,94,66,72,4,0,1,4
679,17,Female,97,73,87,84,93,2,2,2,0
680,19,Female,56,76,78,97,81,2,1,4,5
681,21,Female,70,89,54,54,94,0,0,2,5
682,17,Male,91,85,58,97,77,2,0,3,0
683,19,Female,75,83,97,81,82,3,0,1,0
684,19,Female,93,78,51,52,73,0,5,4,2
685,20,Male,63,73,50,96,83,5,1,3,0
686,16,Male,86,73,89,84,83,4,2,5,0
687,16,Female,70,91,79,63,82,0,2,0,4
688,18,Female,67,53,60,97,96,5,0,3,5
689,20,Male,54,52,77,80,75,0,1,2,2
690,19,Male,52,83,93,80,86,1,5,1,5
691,21,Female,72,98,61,66,73,1,0,1,2
692,16,Female,75,72,88,73,77,0,4,3,5
693,19,Female,86,72,75,72,86,2,2,5,0
694,16,Female,73,94,62,67,72,1,3,0,5
695,16,Male,98,54,57,99,86,4,0,2,5
696,16,Female,68,80,77,63,78,5,4,3,2
697,21,Female,74,90,79,99,71,3,2,3,1
698,20,Male,70,55,58,64,94,1,5,1,2
699,21,Female,61,86,88,64,82,0,1,2,2
700,17,Male,90,59,80,55,89,2,2,0,2
701,19,Female,82,89,70,76,71,3,1,1,3
702,20,Female,99,56,96,64,89,5,1,3,3
703,20,Male,53,88,83,99,97,5,5,1,3
704,20,Male,91,87,80,85,80,1,5,1,2
705,20,Female,56,70,74,57,96,5,0,4,1
706,21,Female,71,69,61,64,95,5,0,1,2
707,20,Female,82,52,50,52,91,2,2,5,0
708,18,Male,66,71,71,96,84,2,5,1,1
709,19,Female,73,96,89,62,80,2,4,5,3
710,20,Male,83,53,86,90,92,0,2,2,5
711,19,Male,77,77,96,83,72,5,3,1,5
712,18,Female,92,61,50,73,72,5,1,0,4
713,18,Male,90,87,50,89,97,5,1,5,1
714,19,Female,88,85,91,81,95,4,0,5,3
715,16,Female,71,96,91,81,81,2,4,3,1
716,17,Female,98,90,70,79,93,3,5,2,1
717,16,Female,66,54,64,98,74,1,5,1,5
718,16,Female,83,62,66,62,89,3,0,0,2
719,21,Male,55,72,71,50,76,0,3,3,0
720,16,Male,95,99,87,83,76,0,2,2,4
721,20,Female,55,79,84,64,82,5,2,5,3
722,21,Female,83,86,94,93,78,3,4,0,1
723,21,Male,50,74,65,63,94,5,0,1,4
724,18,Male,59,97,57,78,90,4,0,4,1
725,16,Male,70,76,96,83,82,0,3,4,5
726,18,Male,54,63,66,67,81,0,2,2,0
727,19,Female,51,97,66,56,82,3,0,0,5
728,17,Female,71,96,75,78,93,0,5,3,4
729,21,Male,97,85,62,80,79,4,4,0,3
730,19,Female,51,88,66,74,70,4,2,5,1
731,19,Male,59,65,87,87,94,4,3,4,0
732,20,Female,83,71,66,63,77,1,4,2,5
733,17,Male,65,70,97,57,91,4,1,1,4
734,19,Female,97,70,63,76,85,4,5,0,5
735,19,Male,88,57,94,51,82,1,3,4,1
736,17,Male,71,98,55,66,72,5,4,3,1
737,17,Female,61,65,84,86,72,2,0,2,3
738,19,Male,73,80,95,63,93,0,1,1,0
739,17,Female,96,91,63,74,74,4,3,0,2
740,19,Female,89,59,96,79,95,0,0,3,5
741,19,Male,87,81,57,78,80,3,5,1,1
742,20,Female,59,83,64,69,99,0,1,5,4
743,16,Female,84,58,76,70,76,5,2,4,5
744,19,Female,98,66,62,71,90,1,0,5,3
745,18,Female,81,60,98,84,93,0,4,4,3
746,21,Female,56,81,80,86,79,0,3,3,1
747,16,Male,70,59,84,65,79,0,1,5,1
748,16,Female,69,71,55,99,89,2,0,4,1
749,16,Female,75,66,54,98,71,2,2,2,2
750,20,Female,53,53,71,92,72,3,3,3,1
751,19,Female,95,97,98,66,77,1,3,4,5
752,20,Female,71,96,72,65,80,0,0,0,5
753,19,Male,64,74,74,51,82,0,2,4,0
754,20,Female,89,70,83,53,76,0,5,5,4
755,20,Male,70,86,75,70,82,0,5,2,1
756,21,Male,64,87,96,88,71,2,1,1,5
757,18,Male,71,98,54,83,75,5,0,1,5
758,20,Male,77,50,75,79,78,5,1,4,5
759,21,Female,63,74,69,55,89,3,5,1,2
760,17,Male,76,85,55,66,94,4,3,4,4
761,18,Male,90,66,55,88,71,1,1,2,3
762,20,Female,89,90,99,74,87,5,2,1,5
763,16,Female,77,73,67,54,85,0,4,5,1
764,17,Female,75,51,53,54,94,5,5,5,5
765,17,Male,98,89,66,69,81,3,5,0,4
766,21,Female,51,64,63,65,76,4,2,4,3
767,17,Female,74,81,63,90,76,5,1,1,2
768,18,Male,52,88,62,86,86,3,0,5,0
769,20,Female,57,55,56,89,82,2,3,2,1
770,20,Female,93,50,93,58,80,4,4,2,0
771,16,Female,82,96,64,54,75,3,0,0,2
772,21,Female,91,72,68,91,98,5,0,2,4
773,16,Male,84,88,92,51,92,2,2,2,4
774,17,Female,55,66,96,58,96,3,1,1,2
775,16,Female,88,83,93,92,83,3,5,4,5
776,18,Male,72,90,84,85,75,5,5,3,2
777,20,Female,74,78,66,71,75,4,2,2,1
778,17,Male,99,58,84,71,71,2,1,2,3
779,16,Female,92,62,68,71,91,0,2,3,0
780,21,Male,68,55,69,83,89,1,5,2,0
781,18,Male,54,55,85,78,94,4,0,1,4
782,18,Male,60,69,84,87,84,2,3,1,5
783,16,Male,61,52,81,95,97,3,1,3,4
784,20,Female,59,66,97,82,86,2,4,5,1
785,16,Male,57,98,93,67,98,1,4,2,2
786,17,Female,73,61,89,56,77,5,0,5,0
787,16,Male,77,97,73,50,74,1,2,2,1
788,18,Male,90,96,66,82,86,0,2,4,4
789,16,Male,85,94,56,50,89,0,5,2,4
790,20,Female,86,50,92,73,70,1,0,1,0
791,21,Male,70,66,99,53,91,4,5,0,4
792,19,Female,57,52,50,53,87,4,5,0,5
793,16,Female,58,75,84,67,84,3,4,0,4
794,20,Female,96,64,81,76,74,0,5,0,3
795,20,Female,64,85,85,92,76,3,5,5,2
796,21,Female,97,81,62,81,87,0,4,5,4
797,18,Female,95,81,55,82,75,1,2,2,3
798,20,Female,89,53,63,77,91,4,1,5,1
799,20,Female,67,67,86,91,90,4,3,2,4
800,20,Female,91,98,97,90,74,1,5,4,5
801,20,Male,69,68,64,85,99,3,1,2,1
802,17,Male,55,92,96,55,88,3,4,0,4
803,17,Male,61,84,53,65,79,2,1,3,0
804,18,Male,51,89,89,83,84,0,3,3,3
805,16,Male,56,63,65,72,79,3,1,1,3
806,20,Female,65,82,77,99,96,1,1,1,0
807,21,Female,52,63,65,91,85,3,1,2,2
808,16,Female,94,83,53,73,81,4,1,3,5
809,21,Female,52,53,94,98,87,0,0,0,3
810,16,Female,76,73,75,62,92,5,5,5,1
811,18,Female,99,78,77,67,70,2,4,0,5
812,20,Female,92,68,81,62,85,0,3,0,3
813,20,Male,89,55,94,98,91,4,4,2,2
814,19,Male,87,82,51,86,75,4,0,2,1
815,21,Male,82,98,80,92,72,4,0,4,5
816,16,Male,77,89,52,88,71,4,0,0,1
817,16,Female,50,68,57,91,97,1,5,0,0
818,17,Female,57,50,73,66,71,2,0,2,4
819,19,Female,86,54,64,64,99,5,1,2,0
820,17,Male,81,76,92,67,82,4,4,4,5
821,17,Female,97,65,80,72,78,4,2,4,4
822,17,Female,92,55,58,79,85,3,3,1,0
823,21,Female,86,89,88,83,96,2,0,3,4
824,21,Male,53,62,94,53,74,0,4,0,3
825,18,Female,79,97,51,52,92,2,0,0,1
826,18,Male,55,84,57,56,97,2,5,4,4
827,17,Male,95,68,56,67,90,5,0,4,3
828,19,Male,68,61,93,91,76,2,0,1,2
829,16,Male,81,65,88,56,82,5,0,3,0
830,21,Female,58,92,91,89,89,4,0,1,2
831,19,Male,61,59,65,55,93,4,3,3,5
832,20,Male,60,74,84,71,98,1,4,5,3
833,21,Female,95,69,79,50,96,5,5,0,2
834,21,Female,65,80,59,53,99,5,0,1,2
835,18,Male,50,53,87,95,95,0,0,4,3
836,16,Female,94,93,67,98,82,3,0,1,1
837,16,Male,70,72,99,99,96,2,0,5,4
838,20,Male,79,51,54,92,95,0,1,1,5
839,20,Male,62,71,78,78,76,5,1,0,5
840,21,Male,83,86,88,70,79,0,2,5,0
841,17,Female,53,57,83,75,84,1,0,4,4
842,18,Male,77,56,92,63,90,3,2,4,0
843,18,Female,87,63,94,58,96,5,3,2,5
844,21,Female,80,52,72,96,75,5,2,5,4
845,19,Female,76,99,54,61,74,2,4,2,2
846,17,Female,54,65,79,91,92,3,1,2,1
847,21,Male,74,68,55,55,97,1,1,0,2
848,17,Female,52,67,95,69,71,4,0,1,1
849,17,Male,82,65,93,73,90,0,0,4,3
850,17,Female,53,57,53,76,84,2,3,4,0
851,21,Female,74,82,78,87,95,5,5,1,0
852,18,Male,69,98,72,57,85,4,3,4,3
853,18,Male,83,61,55,50,88,1,4,1,4
854,17,Male,75,60,81,98,78,3,0,5,3
855,19,Female,54,54,91,98,98,0,0,0,5
856,16,Female,84,76,67,73,91,2,3,0,3
857,21,Male,77,61,64,96,98,5,3,0,1
858,16,Male,78,66,89,56,95,5,3,1,5
859,19,Male,58,55,81,68,88,4,1,1,3
860,21,Male,87,82,58,71,76,4,2,3,0
861,17,Female,99,54,86,84,73,0,2,4,2
862,18,Male,55,77,59,79,99,3,0,4,1
863,16,Male,68,63,69,78,72,1,1,3,1
864,20,Male,93,54,55,71,93,3,3,3,4
865,20,Male,60,82,97,60,98,3,0,0,2
866,19,Female,51,99,52,69,89,3,1,3,1
867,17,Male,96,97,91,78,80,0,4,1,3
868,16,Female,93,90,60,90,70,0,5,2,1
869,17,Male,93,68,92,91,75,1,1,1,1
870,16,Male,58,71,66,83,95,3,0,3,1
871,19,Female,70,54,81,50,80,0,2,4,4
872,19,Male,73,51,53,80,96,1,3,1,1
873,20,Female,83,79,53,79,70,5,5,4,1
874,17,Female,71,96,66,97,90,1,4,1,4
875,21,Male,52,88,90,67,76,3,5,4,5
876,20,Female,61,53,68,66,75,2,5,5,2
877,17,Female,77,82,54,87,83,3,1,1,5
878,20,Female,79,62,81,63,71,2,0,4,0
879,21,Female,75,69,71,72,96,1,0,2,4
880,18,Female,97,56,55,74,73,5,5,0,4
881,18,Female,70,64,84,64,80,5,3,1,1
882,18,Female,77,72,71,95,84,0,0,2,1
883,18,Female,75,63,50,71,87,5,5,0,0
884,16,Male,82,72,69,52,96,4,0,1,1
885,18,Male,70,68,71,68,70,1,3,2,3
886,21,Female,84,78,97,93,72,0,4,2,1
887,19,Male,83,69,60,83,72,5,5,5,1
888,19,Female,90,78,62,84,97,1,2,2,3
889,16,Female,96,73,91,99,76,3,2,5,0
890,18,Male,67,67,52,50,70,5,5,3,3
891,18,Female,60,59,58,70,94,2,1,4,4
892,18,Female,72,90,61,78,80,1,4,0,3
893,20,Female,97,57,72,55,75,0,1,4,2
894,17,Female,71,75,63,86,89,3,2,4,4
895,20,Male,66,78,82,50,72,4,3,5,1
896,17,Female,54,59,67,50,88,3,5,4,4
897,18,Female,93,66,98,76,71,5,0,2,0
898,18,Female,60,51,90,70,87,2,2,5,0
899,20,Male,79,55,58,65,99,3,4,4,3
900,20,Female,64,54,72,93,81,4,2,5,4
901,17,Male,76,77,59,89,98,0,4,3,1
902,19,Male,84,90,68,75,79,1,4,5,0
903,17,Female,82,54,96,65,74,2,5,1,5
904,20,Female,69,67,54,77,78,4,4,2,1
905,21,Male,65,75,96,50,71,5,1,0,5
906,20,Female,83,69,72,85,71,5,3,1,2
907,21,Male,51,90,79,59,97,5,2,1,5
908,16,Male,84,98,74,92,75,2,3,1,0
909,20,Female,89,76,77,66,98,3,0,4,3
910,16,Female,77,98,83,72,79,2,2,5,2
911,19,Male,96,61,94,56,87,5,3,5,4
912,17,Male,88,56,97,93,81,4,3,4,1
913,21,Male,55,52,96,56,73,1,5,2,0
914,17,Male,58,59,74,93,91,1,5,4,2
915,16,Female,69,83,59,64,90,2,0,4,2
916,21,Female,50,74,63,83,86,5,4,4,0
917,17,Female,57,84,91,95,84,0,2,2,4
918,20,Female,72,65,95,94,75,2,5,2,4
919,18,Female,52,51,79,53,85,5,2,3,3
920,16,Male,53,73,90,63,86,3,0,3,5
921,17,Female,74,59,74,63,72,1,5,3,4
922,16,Female,96,87,63,65,79,1,5,3,3
923,16,Female,87,71,84,56,74,1,4,5,5
924,21,Female,64,75,97,81,83,0,2,1,2
925,21,Female,70,92,83,68,95,5,2,1,0
926,18,Male,84,88,59,51,98,5,2,3,4
927,20,Male,95,76,84,59,90,5,4,3,3
928,16,Male,63,78,60,99,82,5,5,0,2
929,17,Female,85,96,60,66,95,0,0,1,4
930,19,Male,61,87,70,86,75,4,2,0,1
931,16,Male,66,69,70,61,81,2,3,0,2
932,16,Female,88,76,71,55,95,2,4,4,4
933,18,Female,58,90,94,71,77,5,1,5,2
934,20,Female,84,69,56,81,74,3,0,2,0
935,19,Male,62,93,66,90,99,1,3,1,0
936,21,Male,64,68,51,69,84,0,2,3,0
937,21,Female,67,69,61,50,96,3,1,3,5
938,17,Female,82,84,91,96,85,3,0,2,1
939,19,Male,55,96,67,55,70,5,4,1,0
940,21,Male,76,51,60,68,85,0,1,3,1
941,17,Female,72,79,65,67,74,2,5,3,0
942,20,Female,76,83,98,55,72,1,1,4,5
943,17,Male,83,71,67,94,89,2,3,0,2
944,21,Female,95,52,84,82,84,3,0,3,4
945,18,Male,87,55,75,72,82,1,3,5,4
946,18,Male,63,64,65,72,93,4,3,1,0
947,18,Male,85,76,55,75,85,3,2,5,4
948,21,Male,57,59,93,62,92,2,4,2,0
949,18,Female,84,58,92,56,80,2,1,4,0
950,19,Female,68,82,96,64,90,5,0,1,3
951,20,Male,79,81,96,93,71,2,5,4,3
952,17,Male,63,97,97,76,91,0,4,0,3
953,17,Male,69,55,91,75,96,3,4,3,1
954,21,Male,98,90,61,82,75,1,0,1,3
955,18,Male,74,85,62,64,95,2,4,2,0
956,18,Female,89,51,53,85,95,5,2,0,5
957,16,Female,73,78,88,94,99,5,4,0,5
958,20,Female,63,53,51,76,96,2,2,4,2
959,19,Female,75,50,75,54,75,0,1,0,3
960,17,Male,87,68,76,51,83,5,1,1,5
961,16,Male,72,75,76,82,94,1,3,4,3
962,16,Male,71,74,64,65,80,3,2,0,2
963,21,Male,97,59,57,72,77,4,5,2,5
964,17,Male,68,64,56,87,77,0,1,5,0
965,21,Female,95,71,96,65,70,5,4,1,1
966,19,Male,52,97,95,63,90,3,0,2,3
967,16,Female,91,70,89,78,76,4,0,2,5
968,16,Female,68,71,61,75,75,2,2,4,5
969,20,Female,58,85,62,84,90,2,5,3,2
970,19,Female,77,83,92,64,77,1,3,4,0
971,16,Male,69,79,66,52,88,4,4,1,4
972,19,Female,94,74,66,72,91,2,2,1,5
973,17,Female,56,94,85,78,90,2,0,4,1
974,18,Female,63,77,70,83,93,5,2,3,2
975,16,Male,58,50,57,82,89,1,4,4,5
976,20,Male,68,98,54,90,77,3,5,1,5
977,17,Male,96,94,75,90,95,2,5,3,2
978,19,Female,63,53,65,72,83,0,1,1,2
979,21,Female,87,56,85,56,87,0,4,3,3
980,17,Male,85,98,77,52,94,3,1,3,5
981,16,Female,89,58,78,81,98,4,1,4,4
982,19,Male,66,85,96,80,85,1,1,4,1
983,18,Male,79,68,61,67,78,5,2,4,0
984,17,Female,58,50,86,92,84,0,0,3,0
985,16,Female,82,59,79,56,99,0,5,3,4
986,20,Female,74,85,72,90,95,3,2,1,2
987,21,Female,63,58,65,50,79,4,0,2,2
988,19,Male,60,94,63,63,98,4,5,4,2
989,17,Male,84,95,59,81,91,3,4,5,5
990,17,Male,90,91,56,55,85,0,5,1,2
991,18,Male,63,81,94,88,73,1,5,1,2
992,18,Male,79,81,86,59,89,0,5,0,5
993,20,Female,90,55,78,56,82,4,3,4,5
994,21,Male,53,97,52,75,91,5,4,1,4
995,20,Male,53,87,64,83,74,0,2,0,3
996,16,Male,77,66,85,79,91,1,2,5,5
997,16,Female,57,59,96,85,76,2,0,5,1
998,20,Female,51,99,95,70,92,0,2,4,2
999,21,Female,90,76,68,66,78,3,1,3,3
1000,20,Female,95,99,62,82,77,2,5,0,0
1001,21,Male,71,84,91,59,98,3,2,3,4
1002,21,Male,90,70,70,96,85,3,0,5,3
1003,19,Female,65,74,86,91,75,3,0,5,5
1004,21,Female,78,77,76,61,97,0,1,2,2
1005,18,Male,98,96,78,65,85,4,0,2,2
1006,21,Male,97,64,69,90,75,2,3,2,2
1007,21,Female,79,53,74,81,83,1,5,2,3
1008,21,Female,61,78,55,64,90,4,5,1,2
1009,16,Female,84,58,85,76,70,0,5,2,5
1010,18,Female,60,76,51,77,94,3,4,1,3
1011,18,Male,95,75,71,66,78,1,2,1,2
1012,20,Male,99,68,81,95,94,2,3,4,0
1013,19,Male,70,77,65,99,96,4,2,1,0
1014,21,Female,70,66,67,51,93,5,3,1,1
1015,17,Female,54,92,54,85,82,4,2,2,2
1016,19,Male,97,90,85,99,95,1,1,1,2
1017,19,Male,69,91,79,56,98,0,0,3,3
1018,18,Male,86,99,94,62,88,2,0,2,3
1019,19,Male,52,69,68,64,86,1,1,0,2
1020,21,Female,93,94,72,74,80,3,3,2,1
1021,21,Male,82,89,83,72,97,2,4,1,2
1022,16,Male,58,88,62,71,97,4,3,3,5
1023,21,Male,58,98,92,75,77,1,0,2,3
1024,21,Male,53,72,78,82,92,4,4,3,2
1025,18,Male,84,96,85,60,98,4,2,0,3
1026,21,Male,66,81,71,59,74,4,4,5,2
1027,16,Male,83,96,96,74,79,0,3,0,4
1028,17,Female,73,82,85,86,76,4,1,5,3
1029,18,Female,81,95,58,97,79,3,2,4,1
1030,17,Female,50,54,88,92,73,3,3,5,4
1031,18,Female,57,92,68,87,78,2,2,4,5
1032,20,Male,94,97,87,90,96,5,4,2,2
1033,19,Female,72,83,55,94,95,4,0,4,5
1034,20,Female,96,89,96,73,83,4,3,3,3
1035,21,Male,89,60,64,89,71,1,1,4,4
1036,17,Male,61,99,69,95,94,0,4,3,5
1037,21,Female,61,52,58,82,78,5,3,5,1
1038,19,Female,95,82,81,66,90,2,1,5,3
1039,18,Male,96,60,53,73,96,5,3,5,4
1040,19,Female,64,65,99,86,70,4,4,4,5
1041,16,Male,90,67,67,51,92,1,3,5,4
1042,19,Male,68,79,54,81,79,0,2,4,4
1043,16,Male,75,97,69,73,79,2,4,4,5
1044,19,Male,78,59,72,58,89,5,3,1,0
1045,16,Female,71,67,60,53,94,2,0,1,2
1046,17,Male,89,87,86,66,91,4,3,4,3
1047,21,Male,70,68,71,66,98,2,2,3,3
1048,21,Female,87,85,53,99,72,1,1,2,3
1049,20,Male,69,62,78,97,75,2,1,0,4
1050,21,Female,78,95,93,79,98,3,1,1,5
1051,18,Female,53,52,83,89,95,1,0,4,2
1052,19,Female,56,59,62,60,75,5,2,0,1
1053,20,Male,77,87,91,70,90,0,4,1,3
1054,18,Female,77,50,58,70,71,0,1,2,5
1055,18,Female,53,76,91,67,95,4,2,3,2
1056,16,Male,71,95,80,78,95,4,3,4,2
1057,21,Female,61,57,56,73,87,3,0,2,0
1058,17,Female,94,95,53,59,92,5,2,1,5
1059,17,Female,52,91,68,94,71,0,2,4,3
1060,20,Female,71,66,91,66,81,0,4,0,4
1061,17,Female,93,58,79,67,91,0,2,5,2
1062,19,Male,51,55,80,91,74,0,4,3,2
1063,17,Female,73,92,84,97,89,2,0,1,1
1064,20,Female,83,74,70,69,76,5,0,3,0
1065,17,Male,76,88,80,86,93,1,3,4,2
1066,19,Male,90,98,68,94,85,1,4,5,2
1067,16,Male,50,77,80,67,89,3,4,2,4
1068,20,Female,57,82,81,66,70,2,1,3,4
1069,16,Male,72,86,51,58,70,0,1,0,1
1070,16,Female,87,58,59,63,86,0,3,1,5
1071,16,Female,55,67,51,98,96,4,0,0,1
1072,18,Male,71,70,51,78,70,4,5,3,1
1073,21,Male,74,51,73,80,90,3,1,5,4
1074,18,Female,67,92,66,53,89,0,2,2,5
1075,21,Male,66,87,81,67,82,3,0,2,4
1076,16,Female,61,89,65,69,99,2,5,0,0
1077,20,Male,55,85,65,96,78,1,2,4,3
1078,21,Male,75,99,95,92,84,0,4,4,3
1079,19,Male,76,92,88,93,72,5,0,5,0
1080,19,Female,57,86,80,58,83,2,3,2,3
1081,17,Male,68,64,92,62,92,0,4,0,5
1082,21,Female,91,77,73,64,80,5,4,0,4
1083,20,Female,50,67,50,76,93,4,2,0,3
1084,18,Female,78,83,60,64,91,3,4,3,5
1085,16,Female,94,71,70,77,81,4,1,5,4
1086,17,Male,98,60,53,86,82,1,0,4,5
1087,19,Female,84,62,56,68,95,4,1,4,0
1088,18,Female,89,53,75,75,82,0,2,3,1
1089,18,Male,63,71,96,75,70,5,5,1,0
1090,16,Female,84,56,99,74,93,4,2,3,3
1091,21,Male,97,92,61,75,79,0,0,5,4
1092,19,Female,94,73,80,75,72,1,4,0,5
1093,20,Male,69,53,66,95,93,5,3,3,3
1094,18,Female,98,77,82,77,97,4,2,0,3
1095,16,Male,62,64,60,98,73,3,0,5,1
1096,20,Female,87,50,77,67,85,3,3,5,3
1097,21,Female,98,52,81,81,77,5,4,2,1
1098,19,Male,95,63,50,52,85,3,5,0,4
1099,21,Male,98,87,96,51,96,4,2,4,4
1100,18,Male,57,99,77,82,86,4,5,3,5
1101,20,Male,92,50,91,91,88,5,0,5,1
1102,20,Female,69,87,56,68,91,4,5,0,0
1103,20,Female,82,87,51,66,84,0,5,1,4
1104,18,Male,75,70,91,93,85,1,0,2,5
1105,18,Female,88,97,73,82,84,3,0,1,0
1106,21,Male,70,78,53,61,94,0,2,5,4
1107,17,Male,98,54,93,98,71,5,5,1,4
1108,21,Female,91,98,68,52,80,3,3,1,5
1109,19,Female,92,59,75,92,70,0,0,2,5
1110,16,Female,90,77,60,98,84,4,4,2,2
1111,20,Female,58,70,89,75,95,5,5,2,3
1112,17,Female,73,99,99,84,88,5,0,2,3
1113,16,Female,86,56,92,57,73,3,3,1,0
1114,17,Female,98,52,60,85,80,4,2,4,3
1115,21,Male,90,94,94,56,74,3,5,4,0
1116,18,Male,66,96,52,95,72,2,0,2,4
1117,20,Male,73,69,61,95,82,0,0,3,2
1118,21,Male,70,68,52,85,79,2,4,0,2
1119,16,Male,88,84,91,65,80,0,4,5,4
1120,16,Female,90,53,76,73,87,1,5,3,5
1121,16,Male,88,54,98,50,71,5,0,5,1
1122,16,Male,62,50,51,98,76,3,5,3,1
1123,16,Male,60,53,98,74,78,1,0,3,3
1124,17,Male,95,61,65,59,79,1,4,4,5
1125,21,Male,68,76,51,65,87,5,3,0,0
1126,20,Male,60,91,79,65,92,5,1,3,2
1127,18,Male,62,72,69,57,76,0,1,2,3
1128,18,Female,95,74,87,78,96,2,0,5,4
1129,21,Female,94,70,77,88,76,4,4,4,5
1130,21,Male,50,73,74,77,72,0,2,5,2
1131,18,Female,89,74,81,55,81,4,2,2,0
1132,18,Female,93,94,59,65,76,1,1,2,0
1133,17,Female,68,95,91,69,86,4,3,3,1
1134,19,Female,61,81,89,65,95,2,1,2,3
1135,20,Male,57,81,82,56,70,0,0,0,4
1136,16,Female,57,54,62,90,74,5,3,2,2
1137,19,Female,94,85,90,63,85,2,2,3,0
1138,21,Female,61,95,91,92,84,2,4,5,2
1139,18,Male,97,91,96,75,71,0,4,2,4
1140,19,Male,82,98,86,75,78,5,0,4,2
1141,20,Male,94,91,65,63,76,2,1,4,3
1142,21,Male,75,88,94,56,73,5,0,4,1
1143,16,Male,88,65,71,82,89,3,4,5,2
1144,16,Male,77,82,69,75,87,3,2,1,5
1145,20,Male,54,98,99,94,90,3,4,4,1
1146,20,Female,57,70,92,69,73,4,3,4,4
1147,18,Female,74,58,76,52,97,2,5,1,1
1148,16,Female,76,55,90,53,82,0,4,5,2
1149,21,Male,95,94,65,75,70,0,4,4,2
1150,19,Male,72,84,83,60,97,4,5,3,5
1151,21,Male,79,88,81,51,93,0,3,5,0
1152,17,Male,94,71,75,63,72,3,1,4,5
1153,17,Male,96,90,74,93,85,2,4,4,2
1154,20,Female,72,54,51,79,99,0,0,1,1
1155,18,Female,98,91,61,98,91,0,4,3,5
1156,17,Male,96,72,89,61,73,1,0,5,5
1157,16,Male,69,66,58,75,94,1,3,2,0
1158,21,Male,67,61,61,93,92,1,4,0,2
1159,21,Male,67,72,75,82,94,2,3,3,2
1160,20,Female,51,65,58,62,85,3,3,2,4
1161,19,Male,53,52,59,63,95,5,1,3,0
1162,20,Male,79,79,81,73,88,3,4,2,4
1163,19,Male,82,71,83,83,70,3,0,2,4
1164,20,Male,85,58,97,93,74,2,0,3,4
1165,20,Female,67,78,69,75,88,2,4,1,3
1166,20,Male,86,96,88,70,91,1,5,3,4
1167,19,Male,68,86,51,77,93,0,1,3,5
1168,19,Female,96,72,50,97,80,4,1,2,1
1169,20,Female,77,62,85,85,82,4,1,0,5
1170,17,Female,89,81,73,89,89,5,0,2,5
1171,18,Male,69,95,76,51,74,0,3,4,2
1172,18,Male,98,96,51,91,90,5,5,3,3
1173,18,Female,82,97,80,58,73,1,1,5,4
1174,19,Female,61,72,63,72,73,5,0,3,2
1175,19,Female,64,94,51,64,73,0,0,1,0
1176,17,Female,90,66,78,62,73,0,3,5,0
1177,18,Female,88,89,64,72,89,4,4,2,2
1178,18,Female,51,70,61,66,90,1,4,1,1
1179,20,Male,78,51,86,97,87,2,1,3,2
1180,19,Male,90,86,77,51,87,5,1,2,2
1181,18,Male,59,55,69,69,85,4,5,2,3
1182,21,Female,51,93,88,69,78,5,3,4,0
1183,17,Female,60,67,73,95,87,5,1,4,0
1184,21,Female,62,79,70,52,91,2,3,0,4
1185,21,Female,59,71,59,61,71,1,0,4,5
1186,17,Female,63,82,95,89,90,0,1,5,2
1187,21,Female,67,79,63,51,73,3,0,2,2
1188,18,Male,58,66,86,85,81,5,2,4,1
1189,19,Male,88,92,67,63,76,3,3,0,0
1190,17,Female,77,81,73,65,84,1,2,3,1
1191,20,Male,52,91,63,68,76,3,1,5,3
1192,21,Female,69,63,83,83,98,5,0,4,4
1193,17,Male,55,59,61,93,91,2,1,2,1
1194,16,Female,76,96,71,95,95,3,2,3,0
1195,16,Female,51,85,55,55,90,1,1,2,3
1196,19,Male,78,83,85,62,86,1,5,3,2
1197,18,Male,87,58,94,85,85,2,4,5,3
1198,19,Female,52,91,85,71,97,3,2,2,5
1199,19,Female,65,77,71,67,88,3,1,4,1
1200,19,Male,79,60,63,61,78,0,0,4,0
1201,19,Male,89,63,65,79,83,4,1,0,1
1202,20,Female,51,88,85,89,86,1,0,3,2
1203,20,Male,66,96,74,56,74,0,4,0,2
1204,17,Female,90,68,81,81,71,1,1,1,0
1205,16,Female,61,64,82,97,89,0,4,4,5
1206,19,Female,84,77,94,68,85,4,2,3,4
1207,17,Female,92,73,85,55,83,0,0,5,3
1208,16,Male,50,57,69,69,83,1,5,0,3
1209,21,Male,94,92,67,76,96,3,2,5,2
1210,18,Male,64,58,87,92,70,1,0,5,1
1211,20,Male,75,96,52,86,72,5,4,5,1
1212,21,Male,86,82,72,97,95,2,3,0,5
1213,16,Male,70,82,81,56,76,2,1,1,4
1214,21,Male,98,68,94,54,95,5,4,0,1
1215,18,Female,80,52,65,60,84,2,0,2,3
1216,16,Male,74,59,54,64,88,2,0,4,1
1217,21,Male,72,89,53,52,89,4,0,0,4
1218,20,Female,73,96,70,54,71,3,0,0,3
1219,20,Male,87,91,89,72,88,3,1,1,1
1220,17,Male,77,50,63,86,78,1,2,2,3
1221,21,Female,70,78,88,58,88,5,5,0,2
1222,19,Male,92,99,80,64,96,0,3,4,2
1223,21,Male,67,83,63,52,74,1,1,4,5
1224,16,Male,85,62,55,78,87,1,0,0,2
1225,16,Female,84,50,61,55,85,1,1,5,1
1226,21,Male,94,83,65,66,73,1,4,5,4
1227,18,Male,58,78,66,75,81,3,5,2,3
1228,20,Female,87,97,94,70,98,0,0,4,0
1229,16,Male,79,96,72,57,76,1,3,5,2
1230,20,Female,93,62,63,70,83,3,0,4,2
1231,16,Female,83,97,56,60,92,1,5,2,0
1232,17,Male,81,98,95,87,81,2,3,2,0
1233,19,Female,52,78,81,57,72,1,5,5,1
1234,16,Female,52,88,64,91,74,5,3,0,3
1235,20,Male,77,73,93,73,86,5,2,3,2
1236,17,Female,93,75,66,84,95,1,2,1,4
1237,16,Female,64,66,90,63,79,4,1,3,1
1238,18,Male,90,56,96,63,79,2,1,3,1
1239,19,Male,72,62,93,59,80,0,3,4,4
1240,16,Male,89,54,83,61,86,1,0,2,4
1241,17,Female,60,75,54,87,74,0,4,4,5
1242,18,Male,97,98,94,93,82,2,4,5,4
1243,21,Female,81,52,76,95,79,1,0,1,0
1244,17,Female,85,56,72,83,78,4,0,5,2
1245,17,Female,82,98,89,90,86,3,2,0,5
1246,18,Female,73,88,63,59,70,4,4,1,0
1247,17,Female,88,50,64,66,73,4,3,4,5
1248,18,Female,83,98,92,66,73,3,5,4,2
1249,16,Female,77,66,82,52,87,3,1,5,5
1250,18,Male,86,92,80,80,78,5,5,4,0
1251,18,Male,56,74,84,50,99,3,2,4,3
1252,19,Female,53,52,66,61,94,1,4,3,2
1253,18,Female,86,64,77,88,98,0,0,0,1
1254,18,Male,50,78,68,53,98,5,4,3,2
1255,21,Female,50,92,95,91,87,5,3,4,2
1256,16,Male,96,81,72,62,83,0,2,2,2
1257,19,Male,69,75,81,83,94,5,0,3,3
1258,21,Male,68,65,89,91,84,3,5,4,0
1259,20,Female,78,74,62,70,75,4,3,4,1
1260,16,Female,59,77,69,71,93,2,5,0,0
1261,16,Male,67,58,84,53,79,3,1,5,5
1262,20,Male,77,50,54,67,98,4,2,1,5
1263,18,Male,84,78,58,54,84,4,3,3,5
1264,21,Male,92,71,78,68,98,5,3,3,0
1265,17,Male,96,65,55,51,73,1,5,3,4
1266,19,Female,80,90,74,61,87,1,0,4,3
1267,17,Male,76,93,80,66,87,5,1,0,4
1268,20,Female,60,90,71,59,94,5,5,4,5
1269,16,Male,98,56,51,83,86,0,3,4,3
1270,16,Female,98,63,94,55,81,0,2,5,0
1271,19,Female,87,78,54,57,76,2,3,2,5
1272,16,Female,54,68,76,60,85,2,4,0,0
1273,16,Female,57,68,74,61,80,2,2,3,3
1274,19,Female,83,51,57,58,83,2,2,1,0
1275,21,Female,97,90,50,51,72,4,3,3,0
1276,21,Male,61,94,69,57,88,4,0,4,1
1277,19,Female,87,64,93,60,87,0,2,0,4
1278,20,Male,50,52,72,85,99,1,4,0,4
1279,16,Female,80,60,81,59,79,5,5,0,4
1280,16,Female,53,95,60,70,75,1,0,2,2
1281,20,Male,98,79,88,69,82,3,0,3,1
1282,21,Female,94,89,96,97,79,4,0,2,5
1283,18,Male,99,67,73,57,87,2,2,5,5
1284,18,Male,54,97,60,85,95,2,0,1,5
1285,18,Male,79,51,78,78,89,3,3,5,4
1286,21,Male,73,81,75,91,95,1,0,4,4
1287,21,Female,52,57,65,61,85,2,4,2,1
1288,20,Female,60,71,84,63,94,1,1,2,0
1289,16,Male,94,55,69,97,94,5,4,5,4
1290,20,Female,53,61,95,99,75,3,2,4,5
1291,20,Female,75,96,52,70,82,1,0,0,0
1292,21,Male,76,89,50,71,73,5,0,4,4
1293,18,Female,95,85,96,70,92,1,3,3,3
1294,17,Male,92,64,50,93,83,1,5,5,2
1295,16,Male,76,77,66,99,70,2,0,4,4
1296,21,Female,91,98,51,79,97,0,4,0,3
1297,18,Female,99,94,78,88,89,4,2,4,1
1298,17,Female,55,67,69,69,74,1,1,2,3
1299,17,Male,64,51,55,73,77,1,0,1,1
1300,21,Male,79,62,57,72,81,1,1,2,4
1301,19,Female,91,94,78,56,71,0,0,1,1
1302,16,Female,86,64,97,58,81,5,2,4,3
1303,17,Female,86,69,82,50,74,3,5,3,2
1304,21,Female,91,78,52,75,91,2,4,4,0
1305,21,Male,86,91,84,87,74,0,2,0,0
1306,18,Female,84,78,54,87,82,5,1,4,2
1307,19,Male,72,52,76,93,78,1,0,1,5
1308,16,Male,55,68,93,71,79,5,1,2,0
1309,20,Female,53,52,61,93,70,0,4,3,4
1310,18,Female,67,63,69,59,99,0,2,4,5
1311,17,Female,58,89,94,55,72,0,1,4,4
1312,17,Male,98,53,69,66,99,3,1,2,3
1313,18,Female,78,60,58,99,87,4,4,3,3
1314,21,Female,62,80,88,87,81,2,0,5,5
1315,17,Male,96,92,53,73,98,3,1,4,5
1316,19,Female,66,81,68,59,72,3,4,4,5
1317,16,Male,94,76,87,57,95,4,0,5,5
1318,19,Female,81,79,76,70,94,3,5,1,1
1319,17,Male,97,92,94,55,98,0,0,1,5
1320,20,Female,71,51,92,70,99,0,5,0,5
1321,16,Female,53,98,62,88,78,5,2,2,3
1322,16,Male,54,58,62,73,95,1,4,3,4
1323,18,Male,86,77,71,82,71,3,0,4,3
1324,18,Female,90,80,77,67,99,1,5,4,0
1325,20,Male,98,83,96,77,72,2,5,0,1
1326,21,Male,62,64,94,81,83,0,2,4,1
1327,16,Male,83,97,71,61,73,5,3,2,4
1328,20,Male,94,74,92,97,94,2,4,0,5
1329,18,Female,71,85,68,91,88,5,3,2,3
1330,18,Female,72,57,57,76,82,4,0,0,0
1331,16,Male,52,58,57,59,76,0,4,4,3
1332,19,Male,91,86,91,95,81,2,2,0,5
1333,17,Male,83,97,75,91,72,4,0,1,5
1334,18,Male,81,94,97,81,92,2,4,3,2
1335,21,Female,94,88,75,91,92,5,4,4,3
1336,21,Female,98,81,72,75,78,4,3,5,4
1337,18,Male,70,66,92,74,71,4,0,3,3
1338,19,Male,95,84,62,60,98,0,2,4,1
1339,19,Male,93,86,77,72,91,1,2,3,0
1340,20,Female,70,68,58,83,78,5,0,1,4
1341,21,Male,93,93,69,89,81,5,0,3,2
1342,20,Female,60,78,68,72,81,4,5,0,0
1343,21,Male,88,56,97,78,84,4,1,3,0
1344,17,Female,53,77,88,80,71,0,3,4,1
1345,17,Male,50,58,61,56,87,1,0,5,1
1346,16,Female,77,77,64,89,82,5,0,5,1
1347,20,Male,73,55,80,82,83,3,1,2,4
1348,18,Male,84,78,63,70,74,3,1,3,3
1349,20,Male,62,66,60,51,95,1,4,5,0
1350,18,Female,96,65,75,67,79,2,2,3,3
1351,19,Male,83,72,91,96,81,0,3,5,3
1352,20,Female,60,80,76,82,79,1,4,3,1
1353,19,Female,85,52,60,86,93,3,0,4,3
1354,17,Male,66,70,87,83,80,4,1,3,0
1355,17,Male,84,75,83,69,94,3,5,4,0
1356,16,Male,67,85,92,84,71,4,2,4,5
1357,20,Female,89,91,68,99,74,0,4,2,2
1358,19,Male,71,86,55,67,99,4,5,5,4
1359,18,Female,73,71,95,95,76,1,2,0,3
1360,17,Female,68,91,87,73,75,4,5,4,4
